"DataName","PA","I.S.PA"
"2100901007",2011978.89148806,3384807.38667405
