"DataName","PA","I.S.PA"
"2100901001",14662.3775447289,3904108.87893053
