"DataName","PA","I.S.PA"
"2100901006",707383.990474219,3246896.49195772
