"DataName","PA","I.S.PA"
"2100901010",10165729.0018742,3464231.53846057
