"DataName","PA","I.S.PA"
"2100901002",65283.3479088057,3567317.2777496
