"DataName","PA","I.S.PA"
"2100901008",3754841.97566877,3218125.61589138
