"DataName","PA","I.S.PA"
"2100901004",1351190.15720167,3187773.02531673
