"DataName","PA","I.S.PA"
"2100901005",12389.5953222529,3751548.68640144
