"DataName","PA","I.S.PA"
"2100901009",5530874.48149092,2971339.18388022
