"DataName","PA","I.S.PA"
"2100901003",32843.8814500895,3627188.68826405
