"DataName","PA","I.S.PA"
"210922012",6162325.6510682,3620447.79280078
