"DataName","PA","I.S.PA"
"210922017",6376349.18334742,3737963.45216688
