"DataName","PA","I.S.PA"
"210922005",4054038.25813551,3224253.91639251
