"DataName","PA","I.S.PA"
"210922013",6469115.62664087,3379133.39768672
