"DataName","PA","I.S.PA"
"210922011",6025232.76587718,3248480.73375341
