"DataName","PA","I.S.PA"
"210922019",62526.0570912519,32757.9946769205
