"DataName","PA","I.S.PA"
"210922016",6477490.43219246,3462780.01686087
