"DataName","PA","I.S.PA"
"210922015",6504158.77657421,3424829.07719938
