"DataName","PA","I.S.PA"
"210922009",73247.3513571589,4088911.17412576
