"DataName","PA","I.S.PA"
"210922014",6437893.59778576,3465658.47427417
