"DataName","PA","I.S.PA"
"210922018",6661330.43663658,3499990.7669895
