"DataName","PA","I.S.PA"
"210922008",15530820.6772313,3786932.26233446
