"DataName","PA","I.S.PA"
"210922001",59359.0396275727,4555583.25330149
