"DataName","PA","I.S.PA"
"210922007",11570240.3026462,3485363.93877972
