"DataName","PA","I.S.PA"
"210922004",2398172.73803609,3026471.3753399
