"DataName","PA","I.S.PA"
"210922003",1135058.16364745,3071245.36757789
