"DataName","PA","I.S.PA"
"210922006",8827413.02136645,4105759.197733
