"DataName","PA","I.S.PA"
"210922002",313690.465330388,3275438.09553559
