"DataName","PA","I.S.PA"
"210922010",6000002.19555453,3308684.43055288
