"DataName","PA","I.S.PA"
"2111080043",1709034.9472736,3087999.70209328
