"DataName","PA","I.S.PA"
"2111080012",5731.50786197609,2422878.02165142
