"DataName","PA","I.S.PA"
"2111080038",832.533894951011,2826348.8266845
