"DataName","PA","I.S.PA"
"2111080039",8287782.22942235,2942771.74838997
