"DataName","PA","I.S.PA"
"2111080029",29211886.6662839,2811783.87052451
