"DataName","PA","I.S.PA"
"2111080002",803824.820926254,2556098.74096869
