"DataName","PA","I.S.PA"
"2111080032",415.632359187928,2628943.91922613
