"DataName","PA","I.S.PA"
"2111080042",1237.75618933829,2867251.07739528
