"DataName","PA","I.S.PA"
"2111080049",6493574.82136235,3333656.65914806
