"DataName","PA","I.S.PA"
"2111080011",6592770.633453,2537707.79465678
