"DataName","PA","I.S.PA"
"2111080051",3314410.99235975,3053710.96656758
