"DataName","PA","I.S.PA"
"2111080059",8785002.25263009,2611086.13864571
