"DataName","PA","I.S.PA"
"2111080061",11918534.132703,2637904.53876913
