"DataName","PA","I.S.PA"
"2111080040",3492.8324735152,2644995.84670663
