"DataName","PA","I.S.PA"
"2111080008",15384502.3500472,2801112.00167585
