"DataName","PA","I.S.PA"
"2111080022",789.554424996837,2667028.05537821
