"DataName","PA","I.S.PA"
"2111080014",2009.35535462037,2544322.45191984
