"DataName","PA","I.S.PA"
"2111080058",4591.7201236707,2685933.13083008
