"DataName","PA","I.S.PA"
"2111080046",7391.25613049657,3070509.77074938
