"DataName","PA","I.S.PA"
"2111080013",8486969.9231264,2401323.64592183
