"DataName","PA","I.S.PA"
"2111080028",4242.95783500466,2783662.97266617
