"DataName","PA","I.S.PA"
"2111080015",8207182.63463799,2418685.86025779
