"DataName","PA","I.S.PA"
"2111080050",2960.85206801359,3159018.74388302
