"DataName","PA","I.S.PA"
"2111080016",489.277606159399,2656437.8212771
