"DataName","PA","I.S.PA"
"2111080005",4912619.96321461,2653989.79615458
