"DataName","PA","I.S.PA"
"2111080019",8055731.34313574,2510502.17623176
