"DataName","PA","I.S.PA"
"2111080048",6164.17215862442,3080023.30905838
