"DataName","PA","I.S.PA"
"2111080047",16136691.2569923,3028412.32761157
