"DataName","PA","I.S.PA"
"2111080026",1004.10493218594,2470296.83439032
