"DataName","PA","I.S.PA"
"2111080027",7904130.01326528,2718308.47358453
