"DataName","PA","I.S.PA"
"2111080054",645.712127391104,2785873.86148552
