"DataName","PA","I.S.PA"
"2111080004",3534682.97427084,2749206.56378373
