"DataName","PA","I.S.PA"
"2111080044",5976.62220131921,3159897.1237608
