"DataName","PA","I.S.PA"
"2111080018",1018.00820994954,2656603.40903361
