"DataName","PA","I.S.PA"
"2111080010",1424731.24219816,2243996.72732392
