"DataName","PA","I.S.PA"
"2111080035",219592.028232974,2067242.97448282
