"DataName","PA","I.S.PA"
"2111080007",10976523.7831188,2492306.34257381
