"DataName","PA","I.S.PA"
"2111080041",5861366.56657661,3144108.52974705
