"DataName","PA","I.S.PA"
"2111080030",1166.35724817214,2840901.87192726
