"DataName","PA","I.S.PA"
"2111080023",345729.708413805,2448645.15932497
