"DataName","PA","I.S.PA"
"2111080065",13516131.0875689,2640430.6741885
