"DataName","PA","I.S.PA"
"2111080034",1421.212979694,2822871.96558897
