"DataName","PA","I.S.PA"
"2111080017",20659850.8592865,2433156.87478712
