"DataName","PA","I.S.PA"
"2111080056",1478.63114662877,2518339.9326826
