"DataName","PA","I.S.PA"
"2111080001",27315.9213054243,2779631.01516081
