"DataName","PA","I.S.PA"
"2111080006",7735844.67715045,2449368.8148992
