"DataName","PA","I.S.PA"
"2111080060",5060.30169448429,2672808.29091516
