"DataName","PA","I.S.PA"
"2111080025",1974953.65628505,2423746.9684442
