"DataName","PA","I.S.PA"
"2111080024",655.664889644295,2493386.64499852
