"DataName","PA","I.S.PA"
"2111080053",623.134689796681,2666580.94961289
