"DataName","PA","I.S.PA"
"2111080036",853.227792984506,2396309.82055088
