"DataName","PA","I.S.PA"
"2111080057",7190952.53895683,2549047.32463232
