"DataName","PA","I.S.PA"
"2111080037",6334600.01262711,2460912.68682684
