"DataName","PA","I.S.PA"
"2111080020",1207.0894362838,2581337.4845583
