"DataName","PA","I.S.PA"
"2111080045",26640894.0806633,2808835.37290051
