"DataName","PA","I.S.PA"
"2111080063",9477306.15441331,2560742.54135153
