"DataName","PA","I.S.PA"
"2111080062",3707.77820522877,2711732.35801783
