"DataName","PA","I.S.PA"
"2111080009",17464.0454144436,2542658.41612808
