"DataName","PA","I.S.PA"
"2111080003",1966766.06281001,2397801.32429569
