"DataName","PA","I.S.PA"
"2111080021",8891791.21366438,2596926.87957168
