"DataName","PA","I.S.PA"
"2111080055",-1211.87385546484,2341614.97578679
