"DataName","PA","I.S.PA"
"2111080031",5175707.84177207,2618232.25954614
