"DataName","PA","I.S.PA"
"2111080064",5060.21092821245,2995306.76396318
