"DataName","PA","I.S.PA"
"2111080033",12482334.1752614,2528329.22183165
