"DataName","PA","I.S.PA"
"2111080052",311.178845830238,2983260.3486219
