"File","I.S.PA","PA"
"220125064.csv",5364159.24586569,7726760.98830005
