"File","I.S.PA","PA"
"220125060.csv",5135622.05265253,1170290.37740054
