"File","I.S.PA","PA"
"220125046.csv",5440368.55259364,1201526.94419999
