"File","I.S.PA","PA"
"220125018.csv",5984601.72409435,9293758.98780556
