"File","I.S.PA","PA"
"220125006.csv",6213893.75078437,12824253.3869968
