"File","I.S.PA","PA"
"220125020.csv",5856483.08035383,8910404.81620008
