"File","I.S.PA","PA"
"220125008.csv",6245734.19689628,23739891.1999572
