"File","I.S.PA","PA"
"220125030.csv",5456958.25044991,8687076.55170003
