"File","I.S.PA","PA"
"220125068.csv",5197302.52121737,8555368.09050009
