"File","I.S.PA","PA"
"220125003.csv",6314429.54365758,2572726.65500003
