"File","I.S.PA","PA"
"220125058.csv",5501060.49830703,1381417.69077983
