"File","I.S.PA","PA"
"220125034.csv",5504592.29105697,1250828.62914863
