"File","I.S.PA","PA"
"220125042.csv",5646506.79366413,8163956.83180004
