"File","I.S.PA","PA"
"220125038.csv",5383233.66660935,1250800.0833633
