"File","I.S.PA","PA"
"220125016.csv",5349797.43825492,9319468.07685156
