"File","I.S.PA","PA"
"220125040.csv",5527274.7277816,7778181.88605631
