"File","I.S.PA","PA"
"220125044.csv",5427879.68355968,7773273.45560003
