"File","I.S.PA","PA"
"220125062.csv",5392670.73451376,1228139.09312847
