"File","I.S.PA","PA"
"220125007.csv",6038577.76038383,19329608.504429
