"File","I.S.PA","PA"
"220125050.csv",5267660.94251086,1044305.80947266
