"File","I.S.PA","PA"
"220125032.csv",5401092.46877005,8413015.18815297
