"File","I.S.PA","PA"
"220125054.csv",5537422.98140357,8057452.10820004
