"File","I.S.PA","PA"
"220125005.csv",6220746.04729942,7667825.01261047
