"File","I.S.PA","PA"
"220125026.csv",5505529.16568257,1352692.66856968
