"File","I.S.PA","PA"
"220125002.csv",6046236.04831638,990464.999696105
