"File","I.S.PA","PA"
"220125028.csv",5399865.87185611,8015704.92778066
