"File","I.S.PA","PA"
"220125066.csv",5420785.72955999,8056366.80056978
