"File","I.S.PA","PA"
"220125012.csv",5864163.27057037,1798682.90602176
