"File","I.S.PA","PA"
"220125036.csv",5170792.6764912,1223794.71409999
