"File","I.S.PA","PA"
"220125010.csv",5996724.30624579,1866063.15859998
