"File","I.S.PA","PA"
"220125014.csv",5814052.06926816,1623431.92403044
