"File","I.S.PA","PA"
"220125024.csv",5526922.45721869,1190276.95548502
