"File","I.S.PA","PA"
"220125048.csv",5138351.06763212,1007393.7411057
