"File","I.S.PA","PA"
"220125052.csv",5280016.64725974,7532370.43890006
