"File","I.S.PA","PA"
"220125056.csv",5597924.44055133,7481059.20780005
