"File","I.S.PA","PA"
"220125004.csv",5936242.77869063,4646457.64768223
