"File","Q.P.IS","I.S.PA","Q.P.Etizolam","PA"
"220223030",390.363,5192494.68538618,615.795,9579154.50019122
