"File","Q.P.IS","I.S.PA","Q.P.Etizolam","PA"
"220223032",390.35598,4984342.44224001,614.6448,3886349.79130001
