"File","Q.P.IS","I.S.PA","Q.P.Etizolam","PA"
"220223029",390.64698,5977514.11311004,390.64698,NA
