"File","Q.P.IS","I.S.PA","Q.P.Etizolam","PA"
"220223036",390.36102,5239245.67780992,615.7932,9111290.62964065
