"File","Q.P.IS","I.S.PA","Q.P.Etizolam","PA"
"220223039",390.35598,5617736.15069071,390.35598,NA
