"File","Q.P.IS","I.S.PA","Q.P.Etizolam","PA"
"220223040",367.49502,NA,614.9268,6121421.34589996
