"File","Q.P.IS","I.S.PA","Q.P.Etizolam","PA"
"220223038",390.35802,5278530.37514998,614.646,3585349.63630001
