"File","Q.P.IS","I.S.PA","Q.P.Etizolam","PA"
"220223033",390.64098,5531924.48641617,390.64098,NA
