"File","Q.P.IS","I.S.PA","Q.P.Etizolam","PA"
"220223035",390.63702,5697236.31604954,390.63702,NA
