"File","Q.P.IS","I.S.PA","Q.P.Etizolam","PA"
"220223042",390.64698,5770618.2728582,614.0778,1259886.1321
