"File","Q.P.IS","I.S.PA","Q.P.Etizolam","PA"
"220223019",390.35802,5504862.56535999,390.35802,NA
