"File","Q.P.IS","I.S.PA","Q.P.Etizolam","PA"
"220223043",390.633,5531109.24535352,407.49102,NA
