"File","Q.P.IS","I.S.PA","Q.P.Etizolam","PA"
"220223041",390.36102,6065644.71364881,432.933,NA
