"File","Q.P.IS","I.S.PA","Q.P.Etizolam","PA"
"220223031",390.36102,5926254.52526915,390.36102,NA
