"File","Q.P.IS","I.S.PA","Q.P.Etizolam","PA"
"220223037",390.36,5736838.14896002,407.50302,NA
