"File","Q.P.IS","I.S.PA","Q.P.Etizolam","PA"
"220223034",390.35298,5788875.73482765,614.3562,2666828.14229999
