"File","Q.P.IS","I.S.PA","Q.P.Etizolam","PA"
"220223044",390.36102,5071780.32372991,614.364,1987461.01779998
