"DataName","PA","I.S.PA"
"210930168",5062173.18473004,3768336.73451841
